{"position":{"x":3.4567441940307619,"y":0.45646029710769656,"z":0.20676612854003907},"rotation":{"x":0.0,"y":-0.9273200631141663,"z":0.0,"w":-0.37426936626434328},"rightControllerID":2}