{"position":{"x":2.686980962753296,"y":2.4800000190734865,"z":1.9496686458587647},"rotation":{"x":0.0,"y":-0.4285156726837158,"z":0.0,"w":-0.9035344123840332}}