{"position":{"x":4.571062088012695,"y":0.2578144073486328,"z":-1.7102367877960206},"rotation":{"x":0.0,"y":-0.9785778522491455,"z":0.0,"w":-0.20587724447250367}}