{"position":{"x":3.934242010116577,"y":0.006294131278991699,"z":3.124966621398926},"rotation":{"x":0.0,"y":-0.9996716976165772,"z":0.0,"w":-0.025623662397265435}}