{"position":{"x":4.9590935707092289,"y":-0.08172714710235596,"z":4.230108261108398},"rotation":{"x":0.0,"y":-0.9902262091636658,"z":0.0,"w":0.13947081565856934}}