{"position":{"x":3.3006584644317629,"y":1.2417569160461426,"z":5.386171340942383},"rotation":{"x":0.0,"y":-0.2947838306427002,"z":0.0,"w":-0.9555639624595642}}