{"position":{"x":-0.36745500564575198,"y":2.3420650959014894,"z":-3.1961817741394045},"rotation":{"x":0.0,"y":-0.9987593293190002,"z":0.0,"w":0.04979727044701576},"rightControllerID":0}