{"position":{"x":2.3987457752227785,"y":1.2785449028015137,"z":-0.43337059020996096},"rotation":{"x":0.0,"y":-0.9998396635055542,"z":0.0,"w":-0.017908254638314248},"rightControllerID":2}